Designator,Mid X,Mid Y,Layer,Rotation
D1,58.8312,-126.1700,Bottom,0
D2,77.8812,-126.1700,Bottom,0
D3,96.9313,-126.1700,Bottom,0
D4,115.9813,-126.1700,Bottom,0
D5,135.0312,-126.1700,Bottom,0
D6,154.0813,-126.1700,Bottom,0
D7,173.1312,-126.1700,Bottom,0
D8,192.1813,-126.1700,Bottom,0
D9,211.2312,-126.1700,Bottom,0
D10,230.2812,-126.1700,Bottom,0
D11,249.3313,-126.1700,Bottom,0
D12,268.3813,-126.1700,Bottom,0
D13,287.4312,-126.1700,Bottom,0
D14,306.4812,-126.1700,Bottom,0
D15,325.5312,-126.1700,Bottom,0
D16,344.5813,-126.1700,Bottom,0
D17,363.6313,-126.1700,Bottom,0
D18,59.9113,-154.3000,Bottom,90
D19,78.9613,-154.3000,Bottom,90
D20,98.0113,-154.3000,Bottom,90
D21,117.0613,-154.3000,Bottom,90
D22,136.1113,-154.3000,Bottom,90
D23,155.1612,-154.3000,Bottom,90
D24,174.2113,-154.3000,Bottom,90
D25,193.2612,-154.3000,Bottom,90
D26,212.3113,-154.3000,Bottom,90
D27,231.3613,-154.3000,Bottom,90
D28,250.4112,-154.3000,Bottom,90
D29,269.4613,-154.3000,Bottom,90
D30,288.5113,-154.3000,Bottom,90
D31,317.0863,-154.3000,Bottom,90
D32,345.6612,-154.3000,Bottom,90
D33,364.7113,-154.3000,Bottom,90
D34,64.6737,-173.3500,Bottom,90
D35,88.4862,-173.3500,Bottom,90
D36,107.5362,-173.3500,Bottom,90
D37,126.5863,-173.3500,Bottom,90
D38,145.6362,-173.3500,Bottom,90
D39,164.6863,-173.3500,Bottom,90
D40,183.7363,-173.3500,Bottom,90
D41,202.7862,-173.3500,Bottom,90
D42,221.8363,-173.3500,Bottom,90
D43,240.8862,-173.3500,Bottom,90
D44,259.9362,-173.3500,Bottom,90
D45,278.9862,-173.3500,Bottom,90
D46,298.0362,-173.3500,Bottom,90
D47,321.8487,-173.3500,Bottom,90
D48,345.6612,-173.3500,Bottom,90
D49,364.7113,-173.3500,Bottom,90
D50,67.0550,-192.4000,Bottom,90
D51,93.2488,-192.4000,Bottom,90
D52,112.2987,-192.4000,Bottom,90
D53,131.3487,-192.4000,Bottom,90
D54,150.3988,-192.4000,Bottom,90
D55,169.4487,-192.4000,Bottom,90
D56,188.4988,-192.4000,Bottom,90
D57,207.5488,-192.4000,Bottom,90
D58,226.5987,-192.4000,Bottom,90
D59,245.6488,-192.4000,Bottom,90
D60,264.6988,-192.4000,Bottom,90
D61,283.7487,-192.4000,Bottom,90
D62,314.7050,-192.4000,Bottom,90
D63,345.6612,-192.4000,Bottom,90
D64,364.7113,-192.4000,Bottom,90
D65,71.8175,-211.4500,Bottom,90
D66,102.7738,-211.4500,Bottom,90
D67,121.8238,-211.4500,Bottom,90
D68,140.8738,-211.4500,Bottom,90
D69,159.9238,-211.4500,Bottom,90
D70,178.9737,-211.4500,Bottom,90
D71,198.0238,-211.4500,Bottom,90
D72,217.0737,-211.4500,Bottom,90
D73,236.1238,-211.4500,Bottom,90
D74,255.1738,-211.4500,Bottom,90
D75,274.2237,-211.4500,Bottom,90
D76,309.9425,-211.4500,Bottom,90
D77,345.6612,-211.4500,Bottom,90
D78,364.7113,-211.4500,Bottom,90
D79,64.6737,-230.5000,Bottom,90
D80,90.8675,-230.5000,Bottom,90
D81,117.0613,-230.5000,Bottom,90
D82,193.2612,-230.5000,Bottom,90
D83,267.0800,-230.5000,Bottom,90
D84,288.5113,-230.5000,Bottom,90
D85,307.5612,-230.5000,Bottom,90
D86,326.6112,-230.5000,Bottom,90
D87,345.6612,-230.5000,Bottom,90
D88,364.7113,-230.5000,Bottom,90
